Киев, Фрунзе, 8;30.509281999999985;50.467517
Киев, Фрунзе, 7;30.50892859999999;50.4671272
Киев, Фрунзе, 2;30.69874600000003;50.392605
Киев, Фрунзе, 5;30.50849900000003;50.46725499999999
Київ, вул.Грушевського №4;30.528595999999993;50.450795
Київ, вул. Городецького 1/3;30.525260000000003;50.448787
Київ, вул.Богмольця 4;30.53115600000001;50.440318
Київ, вул. Липська № 15/17;30.534768999999983;50.443265
Київ, провулок Козловського 3;30.527215999999953;50.441966
Київ, вул. Ольгинська, 2/4;30.529068999999936;50.446846
Київ, вул. Круглоуніверситетська 9;30.52347199999997;50.444335
Київ, вул. Дарвіна, 2;30.52465200000006;50.44227
Київ, вул. Січневого повстання 13;30.70894999999996;46.45353129999999
Київ, вул. Лютеранська 10;30.523581499999977;50.4450162
Київ, вул. Липська, 11;30.535243000000037;50.443744
Київ, Кловський узвіз, 8;30.537923200000023;50.44073299999999
Київ, вул. Пилипа Орлика 13;30.536744;50.441244
Київ, бульвар Перова, 21;30.59135600000002;50.487109
Київ вул. Богатирська, 6а;30.484954000000016;50.518622
Київ вул. Л.Гавро, 24а;30.508884999999964;50.500147
Київ, вул. Данькевича, 5;30.623193000000015;50.519529
Київ Оболонський просп. 9б;30.495795000000044;50.505791
Київ, вул. Суворова 9;30.547022999999967;50.437272
Київ, вул. П. Мирного 24;30.539244000000053;50.43406
Київ, вул. Січневого повстання, 23;30.70894999999996;46.45353129999999
Київ, вул. Січневого повстання 22;30.70894999999996;46.45353129999999
Київ, вул. Московська 3;30.545210999999995;50.442277
Київ, Печерський узвіз 13;30.534425000000056;50.436326
Київ, проспект Голосіївський, 59 а;30.512125999999967;50.398402
Київ, вул. Андрія Іванова 11;30.545564000000013;50.439593
Київ, вул. Рибальська №4;30.543682999999987;50.434616
Київ, вул. Андрія Малишка, 25/1;30.62307499999997;50.46073200000001
Київ, вул. Прорізна №14;30.51775900000007;50.448812
Київ, вул. Рибальська 4;30.543682999999987;50.434616
Київ, вул. Лейпцігська 11а;30.523400000000038;50.4501
Київ, вул. Госпітальна, 18;30.52871700000003;50.43424599999999
Київ, бул. Лесі Українки 8;30.527273000000037;50.436478
Київ, вул. Катерини Білокур №3;30.55367899999999;50.416372
Київ, бул. Лесі Українки 26;30.53904680000005;50.4258606
Київ, вул. Предславинська 30-А;30.521117000000004;50.423288
Київ, вул. Фізкультури №1;30.519096900000022;50.43154089999999
Київ, вул. Івана Кудрі №33;30.538358000000017;50.41849000000001
Київ, вул. Немировича - Данченка 2;30.539876999999933;50.432045
Київ, вул. Воровського  27;30.500089000000003;50.45147
Київ, вул. Товарна №1;30.53840600000001;50.41321199999999
Київ, вул. Арсенальна, 5;30.539219000000003;50.429891
Київ, вул. Тімірязєва,1;30.742027000000007;46.393047
Київ, вул. Щорса 31;30.53172100000006;50.428318
Київ, вул. Рейтарська, 22;30.510418999999956;50.452473
Київ, вул. Мечникова 3;30.529228999999987;50.437681
Київ,вул. Шовковична, 39/1;30.527068999999983;50.439871
Київ, вул. В. Чорновола 24;30.48382300000003;50.453511
Київ, пр-т Перемоги 7-А;30.484529000000066;50.447052
Київ, вул. Некрасівська 4;30.49678199999994;50.454868
Київ, пров. Косогірний, 7;30.500760000000014;50.461009
Київ, вул. Радіальна №5;30.55670800000007;50.428552
Київ, вул. Лейпцігська 1а;30.523400000000038;50.4501
Київ, вул. Саксаганського 100;30.498411000000033;50.44269
Київ, вул. Алма-Атинська, 89;30.67066299999999;50.446167
Київ, бул. Л. Українки 32 А;30.54358000000002;50.421406
Київ, вул. Каменєва 1;30.547289999999975;50.422718
Київ, вул. Івана Кудрі 22а;30.53900299999998;50.417568
Київ, вул. Щорса №31;30.53172100000006;50.428318
Київ, вул. Патріса Лумумби 17;30.53513799999996;50.42052700000001
Київ, вул. Тімірязева №36;30.739498000000026;46.398235
Київ вул. Богатирська, 2в;30.487851999999975;50.513127
Київ, пров. Лабораторний 24;30.529762000000005;50.42880100000001
Київ, вул. Івана Кудрі 29;30.536474;50.41698599999999
Київ, вул. Катерини Білокур № 3;30.55367899999999;50.416372
Київ, бул.Л.Українки 32-А;30.54358000000002;50.421406
Київ, вул. Бастіона, 7;30.551778000000013;50.418762
Київ, пров. Лабораторний, 18;30.52801599999998;50.428084
Київ, вул. Бастіонна №7;30.551778000000013;50.418762
Київ, вул. Касіяна Василя, 8;30.454414000000043;50.377292
Київ вул. Попова, 1;30.453990999999974;50.500558
Київ, вул. Горлівська, 220;30.67319599999996;50.404853
Київ, вул. Червоноармійська №73;30.517108000000007;50.427615
Київ, бул. Дружби народів №12 б;30.535918000000038;50.412825
Київ, вул. Кіквідзе, 17/10;30.54932299999996;50.413094
Київ, вул. Шота Руставелі 47;30.519087000000013;50.435172
Київ, бул. Дружби народів №12 Б;30.535918000000038;50.412825
Київ, вул. А. Барбюса 9;30.52350899999999;50.426672
Київ, вул. Професора Підвисоцького, 14;30.550340000000006;50.415417
Київ, бул. Дружби народів №28/2;30.52919399999996;50.411203
Київ, вул. Предславинська, 9;30.51983599999994;50.427097
Київ, вул. Кіквідзе №33;30.551717000000053;50.408814
Київ, вул. Кіквідзе №32;30.550558000000024;50.40895800000001
Київ, вул. Плеханова, 2;30.600559999999973;50.44755
Київ вул. Г.Дніпра, 10б;30.490949900000032;50.51932129999999
Київ, вул.Єреванська, 12а.;30.460039999999935;50.434939
Київ, вул. Смірнова-Ласточкіна, 22;30.507133000000067;50.460107
Київ, вул. Гоголівська 31;30.493719000000056;50.452545
Київ, вул. Тургенівська 71;30.48983309999994;50.4545435
Київ, майдан Незалежності, 2;30.523226600000044;50.4505951
Київ, вул. Пушкінська, 22а;30.516953000000058;50.44420299999999
Київ, вул. Пушкінська 22,;30.51726400000007;50.443847
Київ, вул. Предславинська 30 - А;30.521117000000004;50.423288
Київ, вул. Гоголівська 22-24;30.496260000000007;50.451013
Київ, Львівська площа 14;30.50505099999998;50.454615
Київ, вул. Володимирська 1/15;30.518560999999977;50.45776799999999
Київ, вул. Прорізна 19;30.51666499999999;50.448298
Київ, вул. Леонтовича. 11;30.50985800000001;50.444672
Київ, вул. Патриса Лумумби 13;30.53335900000002;50.420613
Київ, вул. Трьохсвятительська, 4;30.524419999999964;50.454682
Київ, Святошинський р-н, п-т Академіка Корольова, 12м;30.40302500000007;50.413624
Київ, Святошинський р-н, вул. Генерала Наумова, 35-Б;30.331266000000028;50.470454
Київ, вул. Володимирська 58;30.511631999999963;50.443006
Київ, вул. Пирогова 9;30.50693899999999;50.445161
Київ, вул. Смирнова - Ласточкіна  14;30.506077000000005;50.457391
Київ, вул. Коцюбинського Юрія, 9-А;30.498751999999968;50.453975
Київ, вул. Б. Хмельницького 62;30.504840999999942;50.447639
Київ, вул. Коцюбинського Михайла, 8-А;30.501711999999998;50.447011
Київ, вул. Шолом-Алейхема, 16а;30.636555000000044;50.47193499999999
Київ, вул. Ярославів Вал 27;30.50726899999995;50.452921
Київ, Святошинський р-н, б-р Кольцова, 7-Б;30.381507000000056;50.417486
Київ, вул. Артема 27;30.499856000000023;50.45576399999999
Київ, вул. Коцюбинського Юрія, 9;30.497407000000067;50.453647
Київ, пров. Чеховський 4-А;30.502462000000037;50.451533
Київ,бульв Шевченка Тараса, 17;30.509402000000023;50.443563
Київ, вул. Радунська, 18;30.598678999999947;50.521882
Київ, вул. Каунаська, 2;30.62475399999994;50.43904999999999
Київ, вул. Бердичівська, 1;30.479626999999937;50.458896
Київ, вул. Маршала Рибалка 7/18;30.481111199999987;50.4548785
Київ, вул. Зоологічна, 6-а;30.464093000000048;50.459965
Київ, вул. М. Шепелева, 3;30.42897800000003;50.421313
Київ, бул. Шевченнка 60;30.49487399999998;50.446776
Київ вул. Ванди Василевської, 24;30.473844999999983;50.455506
Київ, вул. Чорновола В’ячеслава, 28/1;30.482976000000008;50.451396
Київ, вул. Закревського, 35б;30.610239999999976;50.504266
Київ, вул. Борщагівська 14;30.469479999999976;50.44767299999999
Київ п-р. Перемоги, 25;30.46986800000002;50.44937900000001
Київ, вул. Шулявська, 10/12;30.46900400000004;50.451954
Київ, вул. Коперника, 8;30.48309100000006;50.459822
Київ, вул. Політехнічна, 3-А;30.467356999999993;50.449551
Київ, вул. Тургенєвська 8/14;30.495578000000023;50.44883799999999
Київ, вул. Довнар-Запольського, 16;30.474372000000017;50.463082
Київ, вул. Зоологічна, 3;30.45983100000001;50.455845
Київ, вул. Багговутівська, 1;30.47001499999999;50.471791
Київ, вул. Мануїльського, 32;30.479473999999982;50.467299
Київ, вул. Мануїльського, 11/19;30.476494000000002;50.46966399999999
Київ, вул. Сім'ї Хохлових, 8;30.463315999999963;50.46461
Київ, вул. Дегтярівська, 13;30.47772699999996;50.46116199999999
Київ, вул. Половецька, 7/13;30.484962999999993;50.469379
Київ, вул. Половецька, 49;30.48473899999999;50.464034
Київ, вул. Мануїльського, 8;30.474415000000022;50.469649
Київ, вул. Цвєтаєвої, 14в;30.61645999999996;50.525994
Київ, вул. Пугачова, 10;30.470485000000053;50.470946
Київ, вул. Славгородська, 14;30.660988999999972;50.418589
Київ, вул. Мельникова, 39;30.476687999999967;50.464505
Київ, вул. Білоруська, 34;30.473122999999987;50.46478399999999
Київ, вул. Хорольська, 19;30.63807900000006;50.435682
Київ, вул. Артёма, 60;30.490001000000007;50.456775
Київ, вул. М.Берлінського, 9;30.439906000000065;50.473496
Київ, вул. Нагірна, 22;30.483783000000017;50.471929
Київ, вул. Грекова, 2;37.74368900000002;48.050001
Київ, вул. Лук'янівська, 5;30.491904999999974;50.465936
Київ, вул. О. Теліги, 15-а;30.445521999999983;50.472023
Київ, пров. Татарський, 1;30.48530900000003;50.46816
Київ, вул. Дегтярівська, 49-г;30.434585999999967;50.461242
Київ, пров. Делегатський, 1/28;30.477744099999995;50.4719501
Київ, пр. Перемоги, 21-А;30.471773999999982;50.449074
Київ, вул. Серафимовича, 17а;30.60922000000005;50.43371
Київ, Святошинський р-н, вул. Ірпінська, 68-А;30.350987000000032;50.461665
Київ, вул. Княжий Затон, 7а.;30.626364999999964;50.401027
Київ, вул. Шпака, 4;30.431557999999995;50.45938
Київ, вул. О.Теліги, 5;30.445956000000024;50.467078
Київ, вул. Новоукраїнська, 24-а;30.434296000000018;50.469676
Київ, вул. Бакінська, 12;30.448556999999937;50.481029
Київ Оболонський просп., 12в ;30.50197359999993;50.5042972
Київ, вул. Ризька, 1;30.439914999999928;50.470486
Київ, пр-т Перемоги, 54/1;30.44080299999996;50.456396
Київ, вул. Котовського, 2;30.686140000000023;50.387689
Київ, вул. Маяковського, 93 в;30.767288000000008;50.494535
Київ, вул. Лагерна, 30-32;30.42846899999995;50.461204
Київ, Святошинський р-н, вул. Кільцева дорога, 1-Б;30.523400000000038;50.4501
Київ, вул. Котовського, 33;30.431693999999993;50.478703
Київ, вул. Кошиця, 6;30.645246000000043;50.406583
Київ, вул. Естонська, 8-а;30.409744000000046;50.464442
Київ, вул. Баумана, 30;30.417844999999943;50.46708
Київ, Святошинський р-н, вул. Симиренка, 17;30.403269000000023;50.40882999999999
Київ, проспект Юрія Гагаріна, 19;30.63022269999999;50.4506355
Київ, вул. Щусева, 20;30.441765000000032;50.474864
Київ вул. М. Гречка, 22А;30.408012999999983;50.493137
Київ, О.Теліги, 35-а;30.450826000000006;50.479174
Київ, вул. Щербакова, 18;30.40580879999993;50.4629713
Київ, вул. Василенка, 10;30.42170699999997;50.44282
Київ, вул. Житкова, 7-б;30.435700999999995;50.477946
Київ, вул. Баумана, 8;30.413430000000062;50.46378
Київ, вул. Вавілових, 8;30.437711000000036;50.475586
Київ, вул. Житкова, 7-Б;30.435700999999995;50.477946
Київ, пр-т Перемоги, 86;30.40341699999999;50.45915
Київ, вул. Щербакова, 58-а;30.41000800000006;50.473565
Київ, вул. В. Піка, 30/32;30.416623000000072;50.469459
Київ, вул. Щербакова, 61-г;30.40275900000006;50.479011
Київ, вул. Л.Гавро, 4г;30.51043500000003;50.491546
Київ, вул. А.Туполева, 22-д;30.39649399999996;50.479279
Київ вул. Естонська, 5;30.409582999999998;50.463697
Київ, бульв. Тараса Шевченка, 16;30.511945999999966;50.444019
Київ, вул. Щербакова, 51-в;30.401862700000038;50.4751853
Київ, вул. А.Туполева, 20-є;30.401027;50.47696
Київ, вул. Баумана, 9/12;30.41273000000001;50.464617
Київ, вул.Валентина Сєрова, 19;30.58937190000006;50.4878845
Київ, вул. Закревського, 15б;30.59977200000003;50.499797
Київ вул. Л.Гавро, 4г;30.51043500000003;50.491546
Київ, вул. М.Залки, 8г;30.515273999999977;50.494279
Київ вул. Л.Гавро, 22а;30.506717999999978;50.500456
Київ вул. Л.Гавро, 3а;30.50565400000005;50.492727
Київ, вул. Щербакова, 47-в;30.40378499999997;50.472941
Київ, вул. Щербакова, 45-а;30.404389000000037;50.471669
Київ Оболонський просп., 2-б ;30.49945200000002;50.498461
Київ, вул. Підвисоцького, 4Б;30.543150999999966;50.412422
Київ, вул.Сулеймана Стальського, 26 а;30.60790099999997;50.483826
Київ, Харківське шосе, 7/1;30.630695999999944;50.439319
Київ Оболонський просп. 9а ;30.49692200000004;50.506391
Київ просп. Г.Сталінграду, 18;30.508084999999937;50.509521
Київ Оболонський просп., 32 б;30.50314400000002;50.51659799999999
Київ Оболонський просп., 12в;30.50197359999993;50.5042972
Київ Оболонський просп., 16д;30.502858999999944;50.507741
Київ просп. Г.Сталінграду 14б;30.513049000000024;50.507757
Київ, просп. Г. Сталінграду, 16;30.509847000000036;50.509091
Київ Оболонський просп. 12в;30.50197359999993;50.5042972
Київ, вул. Закревського, 37б;30.612486999999987;50.50568999999999
Київ Вул. Малиновського, 11в;30.493220000000065;50.503249
Київ вул. Прирічна, 19 є;30.517395999999962;50.520786
Київ Оболонський просп. 16д ;30.502858999999944;50.507741
Київ Оболонський просп., 2б;30.49945200000002;50.498461
Київ просп. Г.Сталінграду, 47;30.511330000000044;50.51801
Київ Оболонський просп. 9б ;30.495795000000044;50.505791
Київ вул. Прирічна, 27б;30.51875599999994;50.522734
Київ просп. Г.Сталінграду, 39г;30.504081000000042;50.51723
Київ, вул. Ованеса Туманяна, 2;30.60098400000004;50.44772
Київ вул. Північна, 26;30.509618000000046;50.527145
Київ просп. Г.Сталінграду, 58 б;30.518759000000045;50.526579
Київ вул. Північна, 22;30.507761999999957;50.524931
Київ вул. Північна, 8;30.50614399999995;50.5271
Київ вул. Героїв Дніпра 32в;30.503473999999983;50.519896
Київ вул. Прирічна, 19є;30.517395999999962;50.520786
Київ просп. Г.Сталінграду, 57;30.513760000000048;50.523429
Київ вул. Кондратюка, 6;30.463995000000068;50.52336
Київ вул. Богатирська, 2б;30.48826299999996;50.511904
Київ просп. Г.Сталінграду, 58б;30.518759000000045;50.526579
Київ, вул.Будівельників, 37;30.61141299999997;50.451685
Київ вул. Вишгородська, 6;30.454759999999965;50.498983
Київ вул. Автозаводська, 83;30.45466799999997;50.515793
Київ вул. Г.Дніпра, 22б;30.49591399999997;50.52073
Київ, вул. Алма-Атинська, 109;30.679795000000013;50.45202099999999
Київ вул. Озерна, 2а;30.488606000000004;50.523418
Київ вул. З.Гайдай, 10в;30.493807999999945;50.518437
Київ вул. Фрунзе, 164;30.46011699999997;50.495192
Київ вул. Тимошенка, 2з;30.48631850000004;50.50643549999999
Київ вул. Озерна, 2б;30.48858599999994;50.524458
Київ, вул. Тростянецька, 19;30.661018000000013;50.422819
Київ, вул. Старосільська, 2;30.593469099999993;50.4756014
Київ, вул. Героїв Севастополя, 43;30.42899399999999;50.429869
Київ вул. Агрегатна 9;30.45739900000001;50.50291199999999
Київ вул. Полярна, 8в;30.463445999999976;50.51607
Київ вул. Полярна,8в;30.463445999999976;50.51607
Київ вул. Макіївська, 5;30.453859999999963;50.507728
Київ вул. Кондратюка, 4б;30.456631000000016;50.524074
Київ вул. Вишгородська, 42/1;30.450992000000042;50.51243299999999
Київ, вул. Блакитного, 8;30.517642000000023;50.38814499999999
Київ, вул. Якубовського, 7д;30.45003500000007;50.379682
Київ, вул. Заболотного академіка, 6а;30.459789999999998;50.364432
Київ вул. Рокосовського, 5;30.793519999999944;50.515972
Київ вул. Червонофлотська, 18;30.362297000000012;50.53039700000001
Київ вул. Дніпроводська, 13/1;30.464298999999983;50.567121
Київ вул. Майорова, 3а;30.463341000000014;50.520884
Київ, вул. Богатирська, 23;30.482387000000017;50.525698
Київ вул. Лісова, 28;30.70241299999998;50.391267
Київ, вул. Автозаводська, 68;30.45703800000001;50.512953
Київ, просп. Бажана, 32а.;30.64870700000006;50.397209
Київ, просп. 40-річчя Жовтня, 17б;30.51795400000003;50.401968
Київ,  вул. Кондратюка, 8;30.463999000000058;50.524836
Київ, вул. Верхній Вал, 70;30.52123800000004;50.471483
Київ,  вул. Григорія Сковороди, 2;30.519505799999934;50.4651794
Київ вул.Фрунзе,19-21;30.505420999999956;50.468297
Київ вул. Спаська, 16;30.520111000000043;50.467008
Київ, вул. Червонофлотська, 26;30.35871499999996;50.533675
Київ вул. Фрунзе, 8;30.509281999999985;50.467517
Київ вул. Волоська, 47 ;30.51209700000004;50.471402
Київ,  вул. Покровська, 4-6;30.519218000000023;50.461405
Київська область, смт Гостомель;30.265277800000035;50.5691667
Київ вул. Волоська, 62;30.51130999999998;50.472787
Київ, Святошинський р-н, вул. Гната Юри, 10-Б;30.38086099999998;50.43318
Київ пр. Правди, 84;30.415478000000007;50.50933999999999
Київ вул. Копилівська, 1/7;30.469375000000014;50.48598800000001
Київ вул. М. Гречка, 10А;30.408341999999948;50.485313
Київ вул.Фрунзе,105;30.47397699999999;50.484129
Київ вул. Копилівська, 36;30.463592999999946;50.490353
Київ,  вул. Фрунзе, 103;30.472681999999963;50.484002
Київ, вул. Тульчинська, 5;30.47826699999996;50.484417
Київ вул. Електриків, 26;30.529011999999966;50.475962
Київ вул. Межигірська, 43;30.508898000000045;50.470715
Київ, Святошинський р-н, вул. Литвиненко-Вольгемут, 2;30.37561900000003;50.422168
Київ,  вул. Фрунзе, 107;30.473378000000025;50.485237
Київ вул. Копилівська, 23;30.467353000000003;50.486875
Київ, вул. Виборзька, 57;30.438526000000024;50.448364
Київ вул. Полкова, 57В;30.42513400000007;50.492365
Київ вул. Фрунзе, 117;30.466386000000057;50.489362
Київ вул. Новомостицька, 10;30.434754999999996;50.500066
Київ, вул. Північно-Сирецька, 49;30.427130600000055;50.4869035
Київ,  Вишгородська,19;30.453168000000005;50.497872
Київ, вул. Лісовий, 33а;30.703785100000005;50.3907062
Київ вул. Сирецька, 25;30.457730999999967;50.491071
Київ вул. Мостицька, 16А;30.447452999999996;50.500986
Київ вул. Білицька, 41/43;30.436398000000054;50.49170700000001
Київ вул. Мостицька, 9 ;30.44763899999998;50.499954
Київ, вул.Волинська, 12.;30.449739000000022;50.429243
Київ, вул. Мостиська, 11;30.444394999999986;50.499419
Київ, вул. Вербицького, 7а;30.65761699999996;50.411133
Київ, вул. Драйзера, 40б;30.595762000000036;50.51510200000001
Київ пр. Межовий,7;30.429892999999993;50.516202
Київ пров. Квітневий, 4 ;30.43131900000003;50.500713
Київ,  пр. Григорія Гонгадзе, 20;30.521692099999996;50.466728
Київ  вул. Світлицького, 31/7;30.42991900000004;50.509135
Київ пр. Межовий, 7 ;30.429892999999993;50.516202
Київ, пр. Григорія Гонгадзе, 7Б;30.521692099999996;50.466728
Київ, вул. Васильківська, 36;30.48346200000003;50.392244
Київ пр.Григорія Гонгадзе, 20-Є;30.521692099999996;50.466728
Київ,  пр. Маяковського, 3г;30.583691000000044;50.499084
Київ,  пр. Пр.Григорія Гонгадзе, 7-А;30.523400000000038;50.4501
Київ, вул. Лісовий, 33б;30.703785100000005;50.3907062
Київ пр.Григорія Гонгадзе,20;30.521692099999996;50.466728
Київ пр. Свободи, 15/1;30.422739999999976;50.51315400000001
Київ, вул. Ярослава Галана, 2;30.44382500000006;50.434846
Київ, вул. Гарматна, 26;30.431466999999998;50.447224
Київ вул. Межова, 25;30.43270899999993;50.508734
Київ пр. Свободи, 40;30.42566999999997;50.51610100000001
Київ вул. Галицька, 5;30.436668000000054;50.508624
Київ вул. Світлицького, 22;30.433002999999985;50.514847
Київ пр. Свободи, 26;30.425127999999972;50.513595
Київ пр. Правди, 62Г;30.433316999999988;50.50456699999999
Київ пр. Правди, 92;30.41501100000005;50.506454
Київ  вул. Межова, 22;30.433475000000044;50.510817
Київ вул. Западинська, 13;30.442620900000065;50.5080724
Київ, вул.Новгородська,5.;30.446773000000007;50.426211
Київ вул. Осиповського, 9А;30.441978000000063;50.514029
Київ, Святошинський р-н, вул. Клавдієвська, 24;30.348064000000022;50.478699
Київ, Святошинський р-н, вул. М. Булгакова, 12;30.408501;50.409982
Київ вул. Межова 22;30.433475000000044;50.510817
Київ вул. Западинська, 5;30.44742199999996;50.507855
Київ, Святошинський р-н, вул. Жолудєва, 6-Г;30.39754599999992;50.416139
Київ, Святошинський р-н, вул. Симиренка, 38;30.406447999999955;50.406903
Київ вул. Червонопільська 11/13;30.43683599999997;50.511948
Київ  вул. Западинська, 10;30.443465999999944;50.50859
Київ вул. Вишгородська, 67;30.448875000000044;50.519129
Київ, Святошинський р-н, вул. Янтарна, 5;30.523400000000038;50.4501
Київ, вул. Клінічна, 25;30.49183400000004;50.41900099999999
Київ, Святошинський р-н, п-т 50-річчя Жовтня, 9-А;30.38007300000004;50.426234
Київ, Святошинський р-н, вул. Жолудєва, 3-Г;30.39818600000001;50.418184
Київ, Святошинський р-н, вул. Генерала Потапова, 12;30.38897099999997;50.423255
Київ, Святошинський р-н, вул. Зодчих, 22;30.37866400000007;50.416922
Київ, Святошинський р-н, вул. Картвелішвілі, 9-А;30.384451000000013;50.422202
Київ, Святошинський р-н, п-т Академіка Корольова, 12-м;30.40302500000007;50.413624
Київ, вул. Алма-Атинська, 113;30.683167000000026;50.45341699999999
Київ, Святошинський р-н, п-т Академіка Корольова, 10-А;30.403849000000037;50.414738
Київ, проспект Глушкова академіка, 2;30.47343490000003;50.38406
Київ, Святошинський р-н, пр. 50-річчя Жовтня, 2-А;30.397558000000004;50.433536
Київ, Святошинський р-н, вул. Генерала Потапова, 3;30.38980300000003;50.425844
Київ, Святошинський р-н, вул. Героїв Космосу, 3;30.388852000000043;50.433296
Київ, Святошинський р-н, вул. Якуба Коласа, 8-А;30.380075000000033;50.43509
Київ, Святошинський р-н, вул. Зодчих, 50-Б;30.367995000000064;50.42756199999999
Київ, Святошинський р-н, вул. Тулузи, 6;30.368637000000035;50.430113
Київ, Святошинський р-н, вул. Тулузи, 6-А;30.36871700000006;50.429965
Київ, Святошинський р-н, п-т 50-річчя Жовтня, 10-В;30.376854999999978;50.43143999999999
Київ, Святошинський р-н, п-т 50-річчя Жовтня, 10-Д;30.37752499999999;50.430439
Київ, Святошинський р-н, вул. Петра Чаадаєва, 1;30.371803999999997;50.436092
Київ, Святошинський р-н, вул. Жмеринська, 8;30.364318000000026;50.435451
Київ, Святошинський р-н, вул. Жмеринська, 20;30.375323999999978;50.436625
Київ, Святошинський р-н, вул. Жмеринська, 34;30.38132399999995;50.43968599999999
Київ, Святошинський р-н, вул. Якуба Коласа, 15-Б;30.377954199999976;50.436229
Київ, Святошинський р-н, вул. Львівська, 6/3;30.380476000000044;50.455737
Київ, Святошинський р-н, вул. Львівська, 47/8;30.356408999999985;50.452929
Київ, Святошинський р-н, п-т Перемоги, 63;30.412851000000046;50.458203
Київ, Святошинський р-н, вул. Львівська, 25;30.365156999999954;50.453064
Київ, Святошинський р-н, вул. Михайла Котельникова, 25;30.380742000000055;50.45168
Київ, Святошинський р-н, вул. Львівська, 2/4;30.38181600000007;50.45559
Київ, Святошинський р-н, вул. Чистяківська, 18;30.396172999999976;50.453239
Київ, Святошинський р-н, вул. Кулібіна, 11;30.40050569999994;50.4548571
Київ, Святошинський р-н, вул. Відпочинку, 11;30.378299999999967;50.450383
Київ, Святошинський р-н, вул. Бударіна, 3;30.31040269999994;50.4517073
Київ, Святошинський р-н, вул. Уборевича, 21-А;30.341985000000022;50.46155
Київ, Святошинський р-н, вул. Генерала Наумова, 35-А;30.332441000000017;50.469798
Київ, Святошинський р-н, вул. Осіння, 35;30.34683700000005;50.466355
Київ, Святошинський р-н, вул. Прилужна, 6;30.34335199999998;50.46020799999999
Київ, Святошинський р-н, вул. Клавдієвська, 22;30.346252999999933;50.478699
Київ, Святошинський р-н, вул. Ірпінська, 71;30.348956999999928;50.459248
Київ, Святошинський р-н, вул. Чорнобильська, 10-Б;30.351031000000035;50.458099
Київ, Святошинський р-н, вул. М. Ушакова, 12-А;30.340862000000016;50.458428
Київ, Святошинський р-н, вул. Семашка, 9;30.36151300000006;50.46272200000001
Київ, Святошинський р-н, вул. В. Стуса, 25;30.36235899999997;50.45957
Київ, вул. Путивльська,  35;30.669742000000042;50.473962
Київ, Святошинський р-н, б-р Академіка Вернадського, 36;30.362844999999993;50.466462
Київ, Святошинський р-н, б-р Академіка Вернадського, 32;30.368877999999995;50.465685
Київ, Святошинський р-н, вул. Ф. Пушиної, 4;30.368186000000037;50.45889099999999
Київ, Святошинський р-н, п-т Перемоги, 112;30.38100399999996;50.45792
Київ, Святошинський р-н, вул. Огарьова, 2;30.380912999999964;50.462059
Київ, Святошинський р-н, б-р Академіка Вернадського, 16-В;30.379155999999966;50.461309
Київ, Святошинський р-н, вул. Берковецька, 6;30.36194599999999;50.500221
Київ, Святошинський р-н, вул. Академіка Туполєва, 17;30.39160800000002;50.481963
Київ,  вул. Крамського, 16;30.371777000000066;50.449896
Київ, Святошинський р-н, вул. Серпова, 20/6;30.37136399999997;50.461414
Київ, вул. Головка, 25.;30.480286999999976;50.41883199999999
Київ, вул.І.Клименка, 17.;30.523400000000038;50.4501
Київ, вул. Каменярів, 32;30.486136999999985;50.404354
Київ, вул. Монтажників, 97;30.498509000000013;50.412217
Київ, вул.Клименка, 17.;30.474398000000065;50.424356
Київ, вул.Клименка, 25;30.477127999999993;50.421926
Київ, Червонозоряний проспект, 6.;30.46644500000002;50.421976
Київ, вул.Солом’янська, 13.;30.477800000000002;50.425525
Київ, Повітрофлотський проспект, 31;30.465179000000035;50.426906
Київ, Червонозоряний проспект, 51;30.475630000000024;50.419863
Київ, вул. Лісовий, 22а;30.701495000000023;50.39174999999999
Київ, вул. М. Кривоноса, 21;30.470393999999942;50.42381
Київ, Повітрофлотський проспект, 39/1.;30.46063300000003;50.425562
Київ, вул.Освіти, 5.;30.523400000000038;50.4501
Київ, вул.Донецька, 25.;30.453002999999967;50.426141
Київ, вул.Клименка, 5/2.;30.471456999999987;50.425957
Київ, Повітрофлотський проспект, 35.;30.46245799999997;50.426266
Київ, вул.Мартиросяна,5.;30.455602;50.42709199999999
Київ, вул.Смілянська, 11.;30.44877299999996;50.423303
Київ, вул.Вінницька, 10.;30.45406300000002;50.41836000000001
Київ, вул.Донецька, 30;30.44893000000002;50.42894099999999
Київ, Чоколівський, 25.;30.453721200000018;50.4344246
Київ, вул.Ушинського, 32.;30.44322999999997;50.426914
Київ, вул.Волинська, 2.;30.45324400000004;50.433841
Київ, вул.Петровського, 1;30.45426199999997;50.436105
Київ, вул.Єреванська, 3а.;30.455715000000055;50.433018
Київ, вул.Волинська, 4-а.;30.45196199999998;50.433741
Київ, вул.Петровського, 1.;30.45426199999997;50.436105
Київ, вул.Курська, 12.;30.46957999999995;50.438212
Київ, Чоколівський бульвар, 13.;30.45580199999995;50.429654
Київ, вул.Єреванська, 20.;30.462410999999975;50.436941
Київ, Повітрофлотський проспект, 22.;30.473299999999995;50.436752
Київ, вул.Уманська, 33.;30.460361000000034;50.439947
Київ, вул.Курська, 15.;30.466814999999997;50.43729399999999
Київ, Платонівський провулок № 3.;30.484553000000005;50.436629
Київ, вул.Героїв війни, 14;30.44297819999997;50.3930683
Київ, вул.Леніна, 60.;30.58654100000001;50.521381
Київ, вул.І.Пулюя, 3-б.;30.523400000000038;50.4501
Київ, вул.Антонова, 3.;30.464878999999996;50.428921
Київ, вул.Грінченка, 2.;30.504778999999985;50.425776
Київ, вул.Курська, 6.;30.470205999999962;50.436066
Київ, вул.Кудряшова, 12/14.;30.487486999999987;50.43253
Київ, вул.Волгоградська, 1.;30.495096999999987;50.428278
Київ, вул.Солом’янська, 33.;30.489029999999957;50.421163
Київ, вул.Фурманова, 1/5.;30.483374000000026;50.438137
Київ, вул.Кавказька, 10.;30.479022999999984;50.431843
Київ, Повітрофлотський проспект, 9.;30.479855000000043;50.440523
Київ, вул.Стадіонна, 2/10.;30.447140999999988;50.39297200000001
Київ, вул.Волгоградська, 23.;30.49180899999999;50.423454
Київ, Платонівський провулок, 3.;30.484553000000005;50.436629
Київ, вул. Урицького, 35;30.476219000000015;50.432015
Київ, вул.Лукашевича, 19.;30.482279000000062;50.44084300000001
Київ, вул.Урицького, 36.;30.476230999999984;50.432676
Київ, вулиця Політехнічна,6;30.465277000000015;50.449064
Київ, вулиця Борщагівська,126.;30.456634000000008;50.447019
Київ, вулиця Борщагівська, 146;30.449235999999928;50.44626
Київ, вул. Металістів, 17;30.445549000000028;50.44929
Київ, вул. Виборзька,57;30.438526000000024;50.448364
Київ, вул. Виборзька,82;30.432522000000063;50.45084199999999
Київ, провулок Польовий, 10.;30.448969000000034;50.452729
Київ, вулиця Борщагівська,144;30.450874;50.446678
Київ, вул. Солом'янська, 4;30.474908000000028;50.427711
Київ, вул. Шутова,13;30.427734999999984;50.45050500000001
Київ, вул. Гарматна, 10;30.43306000000007;50.450301
Київ, вул.Шутова, 14-а;30.427348400000028;50.45055929999999
Київ, вул. Василенка, 15;30.423295999999937;50.443745
Київ, Проспект Комарова, 32;30.415236999999934;50.437852
Київ, вул. Героїв Севастополя, 9-а;30.418618000000038;50.442462
Київ, вул. Академіка Каблукова,14;30.41110900000001;50.43912
Київ, вул. М. Донця,16;30.42426999999998;50.427451
Київ, вул. Білецького, 7;30.419534;50.430348
Київ, вул. Білецького, 12;30.418650999999954;50.431386
Київ, вул. Метробудівська, 5-а;30.412288999999987;50.442439
Київ, вул. М. Донця, 16;30.42426999999998;50.427451
Київ, вул.Академіка Каблукова, 14;30.41110900000001;50.43912
Київ, Проспект Відрадний, 20;30.427975999999944;50.42628699999999
Київ, бульвар Лепсе, 46;30.421235000000024;50.423911
Київ, вул. Відрадний,20;30.427975999999944;50.42628699999999
Київ, вул. Ново-Польова, 95;30.433686999999964;50.417965
Київ, вул. Зелена, 12;30.436206999999968;50.425738
Київ, вул. Ніжинська, 29-д;30.436016600000016;50.439152
Київ, вул. Комарова,1;30.243741;50.545347
Київ, проспект Відрадний, 103;30.42420500000003;50.41454299999999
Київ, вул. Генерала Тупікова, 22;30.439303999999993;50.441161
Київ, вул. Борщагівська, 115;30.453790000000026;50.44606
Київ, просп. Комарова, 3;30.412523999999962;50.435932
Київ, пр.Комарова,1;30.430560000000014;50.440525
Київ, вул. Генерала Тупікова, 29;30.442033000000038;50.44083999999999
Київ, вул. М.Амосова, 10;30.50190900000007;50.420797
Київ, вул. М.Амосова, 6;30.504493000000025;50.423404
Київ, пр-т Червонозоряний, 2;30.461385999999948;50.424155
Київ,пр.Комарова,1;30.430560000000014;50.440525
Київ, пр-т Повітрофлотський, 9;30.479855000000043;50.440523
Київ, вул. Солом’янська, 17;30.48234100000002;50.42425100000001
Київ, вул. Здолбунівська, 7б;30.617664999999988;50.413317
Київ, вул. Княжий Затон, 17в.;30.62197900000001;50.40081300000001
Київ, вул. Княжий Затон,17 в;30.62197900000001;50.40081300000001
Київ, вул. Народного Ополчення, 5;30.458229999999958;50.421057
Київ,  вул. Княжий Затон, 17в.;30.62197900000001;50.40081300000001
Київ,  вул. Княжий Затон, 7а.;30.626364999999964;50.401027
Київ, вул. Мішуги, 5.;30.523400000000038;50.4501
Київ,  вул. Гмирі 3-б;30.632105000000024;50.39356
Київ, вул. Княжий Затон, 17в;30.62197900000001;50.40081300000001
Київ, вул.  Драгоманова, 9а;30.639885999999933;50.414085
Київ, вул. Гмирі 3-б;30.632105000000024;50.39356
Київ, вул Драгоманова, 9а;30.639885999999933;50.414085
Київ, просп. Григоренка, 21в.;30.635545999999977;50.406518
Київ, вул. Кошиця, 8;30.642630000000054;50.407146
Київ, вул. Драгоманова, 27а.;30.63838499999997;50.402188
Київ, вул. Драгоманова 10-в;30.632000000000062;50.413107
Київ, вул. Олійника, 10;30.642336999999998;50.40926200000001
Київ, вул. Вербицького, 4б;30.649022999999943;50.413287
Київ, вул Декабристів, 8а;30.652557;50.405871
Київ, вул. Вербицького, 14г;30.65089499999999;50.408683
Київ, Харківське шосе, 168 і;30.661778000000027;50.414198
Київ, вул. Вербицького, 26в;30.660586999999964;50.405984
Київ, вул. Вербицького, 7;30.659554999999955;50.409761
Київ, вул. Вербицького, 28г;30.66292599999997;50.406084
Київ, вул. Привокзальна 12/2;30.64253400000007;50.429014
Київ, вул. Сімферопольська, 10;30.647438999999963;50.42453099999999
Київ, вул. Ревуцького, 13а;30.645631999999978;50.418357
Київ, вул. Заслонова, 3;30.74669199999994;50.49509
Київ, вул. Тростянецька, 7г;30.648938999999928;50.419982
Київ, вул. Зрошувальна, 5а;30.673648999999955;50.432973
Київ, вул. Ялтинська, 13;30.655997999999954;50.425283
Київ, вул. Російська, 45;30.666964000000007;50.426271
Київ, вул. Заслонова, 18;30.658392999999933;50.427993
Київ, Харківське шосе,121;30.66577200000006;50.413795
Київ, вул. Бориспільська, 10;30.66718400000002;50.427929
Київ, вул. Леніна, 53;30.70095900000001;50.383624
Київ, пров. Поліський, 9;30.684887000000003;50.422282
Київ, вул. Феодосіївська, 8/13;30.532817000000023;50.401601
Київ, проспект Науки, 29а;30.533971000000065;50.395517
Київ, вул. Леніна, 23б;30.694950000000063;50.388983
Київ, вул. Вакуленчука, 50а;30.683244999999943;50.405549
Київ, вул. В. Китаївська, 85;30.532914000000005;50.39808499999999
Київ, вул. Набережно - Корчуватська, 94а;30.558842000000027;50.362436
Київ, вул. Набережно - Корчуватська, 78;30.555158000000006;50.366893
Київ, вул. Уральська, 10/2;30.522241000000008;50.395379
Київ, вул. Ліснична, 3;30.523400000000038;50.4501
Київ, проспект Науки, 26;30.53002200000003;50.397963
Київ, вул. Лебедєва, 31;30.436767799999984;50.4384346
Київ, проспект 40 річчя Жовтня, 59-б;30.51369299999999;50.398909
Київ, вул. Матикіна генерала, 10;30.575530999999955;50.30019
Київ, вул. Голосіївська, 12;30.518699999999967;50.401171
Київ, вул. Героїв оборони,6;30.48778100000004;50.382955
Київ, вул. Родимцева генерала, 7б,;30.510727999999972;50.38578200000001
Київ, проспект Науки, 63;30.538695599999983;50.3769274
Київ, проспект Науки, 47;30.531525999999985;50.386556
Київ, проспект Науки, 36;30.530756999999994;50.393878
Київ, проспект Науки, 24;30.529240000000073;50.399061
Київ, вул.Червонопрапорна 148;30.533826999999974;50.34507199999999
Київ, вул. Китаівська, 22;30.523400000000038;50.4501
Київ, вул Китаївська 22;30.541382999999996;50.371121
Київ, вул. Заболотного академіка, 21;30.462467100000026;50.3670448
Київ, Велика Окружна дорога, 3;30.389621000000034;50.410131
Київ, проспект Глушкова академіка, 17а;30.45825400000001;50.365553
Київ,  проспект Глушкова академіка, 17а;30.45825400000001;50.365553
Київ, проспект Глушкова академіка, 28;30.449411000000055;50.366386
Київ, проспект Глушкова академіка 2 корп. 7;30.47343490000003;50.38406
Київ, вул. Заболотного академіка, 20а;30.462325999999962;50.365905
Київ, вул. Ломоносова, 59;30.269198999999958;50.536708
Київ, вул. Васильківська, 90а;30.480511999999976;50.387929
Київ, вул. Якубовського, 7г;30.45216000000005;50.379364
Київ, вул. Заболотного академіка, 144;30.47476800000004;50.356207
Київ, вул. Якубовського, 7б;30.450440999999955;50.38121599999999
Київ, вул. Стельмаха 9;30.75115299999993;50.492261
Київ, вул. Вільямса академіка, 9 корп.1;30.461483000000044;50.386745
Київ, вул. Бурмистенка, 4;30.498526999999967;50.390593
Київ, вул. Ломоносова, 18;30.264549100000067;50.5290221
Київ, вул. А. Бубнова, 4;30.501706000000013;50.39249299999999
Київ, вул. Сеченова, 8;30.490260000000035;50.389694
Київ, проспект 40-річчя Жовтня, 118 - б;30.485311000000024;50.38658299999999
Київ, пров. коломиївський, 6;30.523400000000038;50.4501
Київ, гуртожиток №5 Українського університету харчових технологій;30.523400000000038;50.4501
Київ, проспект Червонозоряний, 115;30.50604199999998;50.407996
Київ, Козацька 5;30.512286000000017;50.405483
Київ, вул. Деміївська, 33;30.509283099999948;50.4022838
Київ, вул.Ломоносова,33/43;30.483203000000003;50.389595
Київ, вул. Саксаганського 64;30.50391000000002;50.438358
Київ, вул. Васильківська, 12;30.502462000000037;50.396977
Київ, просп. 40-річчя Жовтня, 120в;30.484038000000055;50.386168
Київ, просп. 40-річчя Жовтня, 36;30.515539999999987;50.404866
Київ, вул. Васильківська 12;30.502462000000037;50.396977
Київ, вул. Володимирська, 68;30.509960999999976;50.438453
Київ, вул. Горького 4/6;30.513265000000047;50.438933
Київ, вул. Жилянська, 75;30.498246999999992;50.438605
Київ, вул. Горького, 29;30.51398800000004;50.435289
Київ, вул. Червоноармійська 128;30.52158600000007;50.417438
Київ, вул. Горького, 51;30.513439000000062;50.428994
Київ, вул. Жилянська, 46;30.507738000000018;50.434693
Київ, вул. Горького, 130;30.51745900000003;50.419833
Київ, вул. Урлівська, буд. 19б;30.615714000000025;50.40853
Київ, вул. Драгоманова, буд.9а;30.639885999999933;50.414085
Київ, вул. Райдужна, 53;30.59025399999996;50.47967999999999
Київ, вул.Райдужна, 12;30.580079999999953;50.491438
Київ, вул.Райдужна, 17 б;30.58778099999995;50.48728699999999
Київ, вул. Драгоманова, буд. 10в;30.632000000000062;50.413107
Київ, проспект Ватутіна, 4 а;30.57911999999999;50.493682
Київ, вул.Миколи Кибальчича, 5;30.59626300000002;50.49098
Київ, вул.Івана Микитенка, 7;30.59709799999996;50.486479
Київ, вул.Миколи Кибальчича, 7;30.598028999999997;50.491302
Київ, вул.Едуарда Вільде, 5;30.605817000000002;50.48903199999999
Київ, вул.Генерала Карбишева, 16/2;30.608457000000044;50.49022
Київ, вул.Сулеймана Стальського, 24 а;30.60540000000003;50.484566
Київ, вул.Сулеймана Стальського, 12;30.59902999999997;50.48358899999999
Київ, бульвар Перова, 3;30.594397999999956;50.477101
Київ, бульвар Перова, 1;30.59549400000003;50.475537
Київ, бульвар Перова, 14 а;30.59979599999997;50.475035
Київ, вул.Челябінська, 5;30.596271;50.458654
Київ, вул.С.Сагайдака, 101;30.585784999999987;50.45891899999999
Київ, вул.Луначарського, 5а;30.586070999999947;50.457092
Київ, Дарницький бульвар, 23;30.609676000000036;50.463597
Київ, вул. П. Запорожця, 26;30.602092399999947;50.477293
Київ, вул.Міста Шалетт, 1 а;30.612715999999978;50.463939
Київ, вул.Челябінська, 7 а;30.59411799999998;50.458883
Київ, вул.Челябінська, 9г;30.59341500000005;50.459786
Київ, вул.Генерала Жмаченка, 26;30.611407800000052;50.46916909999999
Київ, вул. Юності, 3;30.615111999999954;50.463926
Київ, вул.Миколи Кибальчича, 13б;30.600109999999972;50.49341399999999
Київ, бульвар Перова, 2;30.595795299999963;50.4764382
Київ, вул. Миропільська, 13 а;30.62557800000002;50.465781
Київ, вул.Генерала Жмаченка, 10;30.610281999999984;50.460839
Київ, вул.Попудренка, 34;30.622180999999955;50.455794
Київ, вул. Будівельників, 37;30.61141299999997;50.451685
Київ, вул. Юності, 5;30.616933000000017;50.466209
Київ, вул.Краківська, 20;30.62525699999992;50.455085
Київ, вул.Червоноткацька, 12;30.616315999999983;50.45037
Київ, б-р Верховної Ради, 15;30.61767199999997;50.448825
Київ, вул. Будівельників, 10;30.622784000000024;50.446881
Київ, вул. Краківська, 13;30.623835999999983;50.456266
Київ, проспект Юрія Гагаріна, 11;30.62614899999994;50.447537
Київ, вул. Празька, 14;30.633383999999978;50.439409
Київ, Харківське шосе, 15;30.633562799999936;50.4346983
Київ, вул. Гродненська, 11;30.646011000000044;50.437805
Київ, вул. Івана Сергієнка, 7;30.629942000000028;50.44578
Київ, проспект Юрія Гагаріна, 16;30.630161000000044;50.44913099999999
Київ, вул. Алма-Атинська, 8.;30.652542100000005;50.4376094
Київ, вул. Алма-Атинська, 39-б;30.66119100000003;50.443571
Київ, вул.  Алма-Атинська, 89;30.67066299999999;50.446167
Київ, вул. Березнева, 5;30.629617000000053;50.433336
Київ, вул. Тампере, 9;30.612801999999988;50.442678
Київ, вул. Раїси Окіпної, 6;30.59263999999996;50.449138
Київ, просп.Миру, 11;30.61751700000002;50.44389899999999
Київ, проспект Миру, 11;30.61751700000002;50.44389899999999
Київ, проспект Возз’єднання, 12в;30.618424000000005;50.44206399999999
Київ, бульвар Олексія Давидова, 17;30.596542999999997;50.441498
Київ, вул. Ентузіастів, 9 в;30.601589999999987;50.437244
Київ, проспект Возз’єднання, 12 в;30.618424000000005;50.44206399999999
Київ, вул. Бульвар Олексія Давидова, 18/2;30.523400000000038;50.4501
Київ, вул. Серафимовича, 9 а;30.600703000000067;50.43207899999999
Київ, вул. Ентузіастів, 29/3;30.602051999999958;50.440253
Київ, бульвар Олексія Давидова, 5;30.596871999999962;50.436148
Київ, вул. Ентузіастів, 7/4;30.59977200000003;50.43828800000001
Київ, проспект П.Тичини, 22 а;30.60960799999998;50.42921399999999
Київ, бульвар А.Бучми, 7а;30.60641899999996;50.430964
Київ, вул. Серафимовича, 17 а;30.60922000000005;50.43371
Київ, вул. Березняківська, 30 б;30.61137800000006;50.427575
Київ, вул. Бальзака, 8-г;30.580071999999973;50.501594
Київ, вул. Ю.Шумського, 6 б;30.60051659999999;50.4247163
Київ, вул. Березняківська, 32;30.601973000000044;50.422902
Київ, пр. Маяковського, 21 г;30.593634000000065;50.50354799999999
Київ, вул. Каштанова, 8г;30.587896;50.50402099999999
Київ, пр. Маяковського, 3г;30.583691000000044;50.499084
Київ, пр.  Маяковського, 21 г;30.593634000000065;50.50354799999999
Київ, вул. Березняківська, 34;30.599914000000012;50.422934
Київ, пр.  Маяковського, 21г;30.592290999999932;50.506615
Київ, вул. Закревського, 3;30.59228200000007;50.497862
Київ, пр. Маяковського,  21в;30.590233000000012;50.50580799999999
Київ, пр . Маяковського, 21в;30.590233000000012;50.50580799999999
Київ, вул. Закревського, 15;30.59993499999996;50.497862
Київ, вул. Закревського, 11а;30.596475000000055;50.49982199999999
Київ, пр.  Маяковського, 21в;30.590233000000012;50.50580799999999
Київ, вул. Закревського,15б;30.59977200000003;50.499797
Київ, вул. Беретті, 7;30.602985999999987;50.510105
Київ, вул. Сабурова, 19 б;30.606278999999972;50.512941
Київ, вул. Маяковського, 49б;30.76134400000001;50.494321
Київ, вул. Закревського, 45б;30.61481500000002;50.507677
Київ, вул. Беретті, 18;30.601133000000004;50.512009
Київ, вул. Сабурова, 19б;30.606278999999972;50.512941
Київ, вул. Маяковського, 49 б;30.76134400000001;50.494321
Київ, вул. Сабурова, 3а;30.616490999999996;50.510015
Київ, вул. Градинська, 6б;30.601635999999985;50.52029599999999
Київ, вул. Закревського, 29а;30.609312000000045;50.50148
Київ, вул. Драйзера, 6;30.60609199999999;50.501937
Київ, вул. Леніна, 27;30.693585999999982;50.38595
Київ, вул. Лисківська, 7б;30.523400000000038;50.4501
Київ, вул. Данькевича, 13;30.614780999999994;50.52050699999999
Київ, вул. Сабурова, 20;30.607320000000072;50.515949
Київ, вул. Сабурова, 14;30.61161900000002;50.515449
Київ, вул. Сабурова, 6;30.618934999999965;50.512419
Київ, вул. Данькевича,5;30.623193000000015;50.519529
Київ, вул. Лисківська, 4б;30.523400000000038;50.4501
Київ, вул. Лисківська,4б;30.523400000000038;50.4501
Київ, вул. Закревського, 65а;30.62332600000002;50.51559
Київ, вул. Лисківська, 4а;30.523400000000038;50.4501
Київ, вул. Будищанська, 8;30.604047000000037;50.53034
Київ, вул. Милославська, 27;30.612053999999944;50.532103
Київ, вул. Милославська ,33а;30.604569999999967;50.53205
Київ, вул. Маяковського, 93г;30.767288000000008;50.494535
Київ, вул. Маяковського, 93в;30.767288000000008;50.494535
Київ, вул. Маяковського, 93е;30.767288000000008;50.494535
Київ, вул. Маяковського, 93 г;30.767288000000008;50.494535
Київ, вул. Цвєтаєвої, 14 в;30.61645999999996;50.525994
Київ, вул. Милославська,7;30.62326699999994;50.527999
Київ, вул. Закревського, 87д;30.623716999999942;50.526267
Київ, вул. Цвєтаєвої, 6;30.625313000000006;50.523563
Київ, вул. Шолом-Алейхема,16а;30.636555000000044;50.47193499999999
Київ, вул. Мілютенка, 5;30.633817000000022;50.466491
Київ, вул. Кіото, 11а;30.63375999999994;50.464333
Київ, вул. Мілютенка,5б;30.63342499999999;50.467181
Київ, вул. Милославська, 7;30.62326699999994;50.527999
Київ, вул. Шолом-Алейхема,  16а;30.636555000000044;50.47193499999999
Київ, вул. Братиславська,  5;30.617544700000053;50.474823
Київ, вул. Братиславська, 5;30.617544700000053;50.474823
Київ, вул. Курчатова, 6а;30.62578099999996;50.473951
Київ, вул. Лісовий, 17г;30.70121119999999;50.3922284
Київ, вул. Курчатова,  3б;30.623671999999942;50.477597
Київ, вул. Миропільська, 8;30.615762000000018;50.472931
Київ, вул. Братиславська, 3;30.619300000000067;50.472586
Київ, вул. Матеюка, 2;30.63482399999998;50.468595
Київ, вул. Курчатова, 18/1;30.632442999999967;50.476927
Київ, вул. Жукова, 2;30.63992899999994;50.476524
Київ, вул. Лісовий,  22а;30.701495000000023;50.39174999999999
Київ, вул. Курчатова, 18/2;30.634788999999955;50.47645
Київ, вул. Курчатова,  18/2;30.634788999999955;50.47645
Київ, вул. Лісовий,  17в;30.70121119999999;50.3922284
Київ, вул. Курчатова,  21а;30.632334000000014;50.478921
Київ, вул. Жукова, 26а;30.634446000000025;50.48631899999999
Київ, вул. Лісовий,  17г;30.70121119999999;50.3922284
Київ, вул. Лісовий, 33 б;30.63601600000004;50.48698
Київ, вул. Лісовий, 17в;30.70121119999999;50.3922284
Київ Шовковична 2;30.53572669999999;50.4467136
Київ хрещатик  5б;30.527135;50.450921
Київ музейний  2;30.529448;50.45007200000001
Київ музейний  6;30.529603;50.44967
Київ музейний  8б.;30.530004;50.449369
Київ грушевського  4а;30.528226;50.450833
Київ грушевського  4б;30.527731;50.450976
Київ грушевського  86;30.7797809;50.5069716
Київ грушевського  14;30.535363;50.447398
Київ грушевського  16а.;30.535609;50.447239
Київ набережне шосе  14;30.520588;50.472279
Київ інститутська  9;30.5307414;50.4472889
Київ інститутська  11а;30.532479;50.44686
Київ інститутська  13а;30.532936;50.447252
Київ інститутська  13;30.532936;50.447252
Київ інститутська  15;30.5323762;50.4466446
Київ інститутська  17;30.535254;50.445831
Київ інститутська  19а;30.535563;50.445704
Київ інститутська  19б;30.535913;50.445847
Київ інститутська  19в;30.535886;50.445529
Київ інститутська  22.;30.535373;50.445163
Київ шовковична  3;30.535743;50.446262
Київ шовковична  5;30.535419;50.44604
Київ шовковична  7а;30.534468;50.445023
Київ станіславського  3.;30.5263;50.446437
Київ городецького  10;30.526624;50.446843
Київ городецького  12;30.5266387;50.4472706
Київ заньковецької  3;30.52579;50.446784
Київ ольгінська  2.;30.527813;50.446419
Київ городецького  4;30.524282;50.448634
Київ городецького  6;30.525198;50.448275
Київ городецького  9;30.526418;50.447783
Київ городецького  11а;30.526811;50.447455
Київ городецького  11б;30.527026;50.44768999999999
Київ городецького  15;30.527132;50.447028
Київ городецького  17;30.52747099999999;50.446858
Київ хрещатик  13;30.52567669999999;50.45133120000001
Київ хрещатик  17;30.522928;50.447753
Київ заньковецької  4;30.52558999999999;50.447261
Київ заньковецької  5;30.5257578;50.4471593
Київ заньковецької  6;30.525126;50.446856
Київ заньковецької  7;30.524927;50.445965
Київ заньковецької  8;30.524415;50.44671
Київ заньковецької  10.;30.5256549;50.44706410000001
Київ хрещатик  15;30.5257516;50.4473127
Київ хрещатик  21;30.5222458;50.4458566
Київ хрещатик  23;30.522072;50.445107
Київ хрещатик  25;30.522792;50.444477
Київ хрещатик  27.;30.5226588;50.44381370000001
Київ круглоуніверситетська  7.;30.523734;50.443936
Київ лютеранська  3;30.523005;50.44634199999999
Київ лютеранська  70;30.5291075;50.4426147
Київ лютеранська  8;30.522967;50.445186
Київ лютеранська  9;30.524649;50.445676
Київ лютеранська  11а;30.525311;50.445795
Київ лютеранська  11б;30.52501;50.44552299999999
Київ лютеранська  13;30.525332;50.445335
Київ лютеранська  15;30.526011;50.44515
Київ лютеранська  17;30.525974;50.444868
Київ лютеранська  19;30.526354;50.444585
Київ лютеранська  21;30.5272508;50.44425099999999
Київ лютеранська  212;30.526344;50.444282
Київ лютеранська  267;30.526344;50.444282
Київ лютеранська  289;30.526344;50.444282
Київ лютеранська  28а.;30.527568;50.44327200000001
Київ інститутська  14;30.531588;50.446616
Київ інститутська  16;30.532909;50.446293
Київ інститутська  18;30.533908;50.445848
Київ інститутська  20.;30.5341389;50.4460319
Київ банкова  10;30.52857899999999;50.445033
Київ банкова  3;30.530391;50.446032
Київ козловського  4;30.526697;50.441879
Київ козловського  5;30.527802;50.441572
Київ лютеранська  24;30.5277964;50.4433978
Київ лютеранська  25;30.528196;50.443523
Київ лютеранська  279;30.526344;50.444282
Київ лютеранська  30;30.528332;50.442616
Київ лютеранська  32;30.528847;50.442426
Київ лютеранська  33.;30.529356;50.442781
Київ шовковична  305;30.531461;50.443466
Київ шовковична  30а;30.530168;50.442704
Київ шовковична  30б;30.52971;50.443028
Київ шовковична  324;30.531461;50.443466
Київ шовковична  348;30.531461;50.443466
Київ шовковична  36;30.52833799999999;50.441403
Київ круглоуніверситетська  119;30.5274612;50.4428257
Київ круглоуніверситетська  13;30.526385;50.44299299999999
Київ круглоуніверситетська  14;30.5257601;50.4432789
Київ круглоуніверситетська  15;30.526983;50.442865
Київ круглоуніверситетська  17;30.527352;50.442919
Київ круглоуніверситетська  18;30.526401;50.442192
Київ круглоуніверситетська  22.;30.527562;50.442555
Київ інститутська  24.;30.53685299999999;50.444196
Київ шовковична  9;30.53373;50.444771
Київ шовковична  10;30.533119;50.444876
Київ шовковична  11;30.533297;50.444512
Київ шовковична  13;30.53262999999999;50.4443274
Київ шовковична  16а;30.531482;50.444782
Київ шовковична  16б;30.531419;50.444272
Київ шовковична  18;30.531925;50.44399
Київ шовковична  18а;30.530839;50.444765
Київ шовковична  18б;30.531159;50.444912
Київ шовковична  19;30.531206;50.442946
Київ шовковична  20;30.531663;50.4438
Київ шовковична  21;30.531062;50.442687
Київ шовковична  22;30.531378;50.44359
Київ шовковична  23;30.530386;50.442386
Київ шовковична  24;30.531066;50.443342
Київ шовковична  27.;30.53020099999999;50.442184
Київ липська  9а;30.535582;50.444062
Київ липська  9б;30.535953;50.444009
Київ липська  12;30.535108;50.4443703
Київ липська  15(а;30.535304;50.44259
Київ липська  19;30.533648;50.442614
Київ пилипа орлика  15;30.536966;50.44103399999999
Київ пилипа орлика  4;30.532095;50.442908
Київ пилипа орлика  6;30.53255;50.442691
Київ пилипа орлика  10.;30.533432;50.442272
Київ липський  3.;30.533787;50.444259
Київ академіка богомольця  2;30.529044;50.440745
Київ академіка богомольця  3;30.529366;50.441228
Київ академіка богомольця  5;30.529744;50.441076
Київ академіка богомольця  6;30.532336;50.440619
Київ академіка богомольця  74;30.5342817;50.4413531
Київ академіка богомольця  8;30.533352;50.440666
Київ академіка богомольця  8а.;30.533157;50.439867
Київ пилипа орлика  9;30.53451399999999;50.442125
Київ пилипа орлика  22;30.536291;50.440619
Київ пилипа орлика  24.;30.53592209999999;50.4411808
Київ шовковична  25;30.530539;50.44185
Київ шовковична  29.;30.529642;50.441726
Київ круглоуніверситетська  2;30.524376;50.44306
Київ круглоуніверситетська  4;30.523705;50.443199
Київ круглоуніверситетська  4б;30.524181;50.443162
Київ круглоуніверситетська  6;30.52376;50.443396
Київ (б). ;30.5234;50.4501
Київ крутий узвіз  5;30.525111;50.442771
Київ крутий узвіз  6.;30.5248858;50.4425871
Київ хрещатик  29.;30.521362;50.443202
Київ лютеранська  4;30.52303199999999;50.445839
Київ лютеранська  6;30.523304;50.445395
Київ лютеранська  10а;30.5235815;50.4450162
Київ лютеранська  12;30.524302;50.444759
Київ лютеранська  16.;30.525304;50.444782
Київ шовковична  38;30.527582;50.440879
Київ шовковична  48;30.525841;50.439953
Київ кропивницького  3;30.52503;50.441032
Київ кропивницького  4;30.524093;50.441717
Київ кропивницького  6;30.524291;50.441458
Київ кропивницького  8;30.524494;50.44106000000001
Київ кропивницького  10;30.524286;50.441015
Київ кропивницького  12;30.52468;50.440817
Київ кропивницького  14;30.524824;50.440593
Київ кропивницького  16;30.5251;50.440369
Київ кропивницького  18.;30.525444;50.440172
Київ чекістів  1а;30.53228069999999;50.4430744
Київ чекістів  2а;30.53228069999999;50.4430744
Київ чекістів  3;30.532444;50.443208
Київ чекістів  4;30.532095;50.442908
Київ чекістів  5;30.5324933;50.4429392
Київ чекістів  8;30.53252;50.442033
Київ чекістів  10.;30.533432;50.442272
Київ виноградний  11;30.536153;50.443036
Київ виноградний  4;30.536607;50.442127
Київ виноградний  6.;30.537194;50.443046
Київ івана мар'яненка  7;30.534647;50.43917
Київ івана мар'яненка  9;30.535977;50.43936
Київ івана мар'яненка  112;30.5355071;50.43926270000001
Київ івана мар'яненка  14.;30.533111;50.438635
Київ грушевського  9;30.542467;50.444617
Київ грушевського  28;30.5388995;50.44558730000001
Київ грушевського  34;30.54242099999999;50.443751
Київ грушевського  34а.;30.540415;50.44331400000001
Київ інститутська  25;30.537181;50.444685
Київ інститутська  25а;30.537367;50.444519
Київ інститутська  27.;30.5379931;50.4439681
Київ кріпосний  4.;30.5383567;50.4445123
Київ кловський узвіз  3;30.539382;50.442725
Київ кловський узвіз  4;30.538062;50.442267
Київ кловський узвіз  4а;30.537597;50.44251
Київ кловський узвіз  5;30.539088;50.442132
Київ кловський узвіз  6;30.538193;50.441706
Київ кловський узвіз  9;30.5382333;50.4404878
Київ кловський узвіз  10;30.537925;50.440089
Київ кловський узвіз  12;30.537752;50.439283
Київ кловський узвіз  12а;30.537516;50.438798
Київ кловський узвіз  144.;30.5382251;50.440349
Київ мечникова  11.;30.536822;50.438548
Київ садова  14.;30.441401;50.387438
Київ івана мар'яненка  13;30.537103;50.439647
Київ інфекційних захворювань ;30.5234;50.4501
Київ січневого повстання  7;30.717033;46.460201
Київ січневого повстання  9;30.717446;46.45995600000001
Київ січневого повстання  11;30.70895;46.45353129999999
Київ січневого повстання  11а;30.70895;46.45353129999999
Київ січневого повстання  12;30.70895;46.45353129999999
Київ січневого повстання  12а;30.70895;46.45353129999999
Київ січневого повстання  12б;30.70895;46.45353129999999
Київ січневого повстання  14;30.70895;46.45353129999999
Київ січневого повстання  16;30.70895;46.45353129999999
Київ січневого повстання  17;30.716475;46.459194
Київ січневого повстання  17а;30.716475;46.459194
Київ січневого повстання  189;30.7171721;46.454273
Київ січневого повстання  21;30.714051;46.458864
Київ корп.  15;30.5567033;50.4347705
Київ корп.  24;30.6584783;50.4061695
Київ корп.  24а;30.6584783;50.4061695
Київ корп.  24б;30.6584783;50.4061695
Київ корп.  24в;30.6584783;50.4061695
Київ корп.  25;30.420898;50.450451
Київ корп.  26;30.420898;50.450451
Київ корп.  26а;30.420898;50.450451
Київ корп.  28;30.6690777;50.41170930000001
Київ корп.  29;30.420898;50.450451
Київ корп.  30;30.29809059999999;50.4802693
Київ корп.  31;30.420898;50.450451
Київ корп.  32;30.462279;50.452123
Київ корп.  33.;30.420898;50.450451
Київ аскольдів  3а;30.548748;50.442898
Київ московська  5;30.545066;50.441367
Київ московська  8;30.54434999999999;50.44036999999999
Київ московська  15;30.545069;50.439525
Київ московська  17;30.5450236;50.4385565
Київ січневого повстання  1;30.726211;46.454459
Київ січневого повстання  3;30.724568;46.454437
Київ січневого повстання  4;30.70895;46.45353129999999
Київ січневого повстання  10;30.70895;46.45353129999999
Київ аістова  3;30.546907;50.441266
Київ аістова  5.;30.5467192;50.4411818
Київ інженерний  4.;30.545583;50.442925
Київ аніщенка  4;30.545772;50.44088900000001
Київ аніщенка  5;30.545794;50.44173
Київ аніщенка  85;30.5470197;50.4389942
Київ аніщенка  12;30.546744;50.439182
Київ аніщенка  14.;30.546737;50.438811
Київ андрія іванова  12;30.547113;50.43953399999999
Київ андрія іванова  13;30.54617;50.439612
Київ андрія іванова  14;30.5472969;50.43973219999999
Київ андрія іванова  17;30.546949;50.43986899999999
Київ андрія іванова  19;30.547371;50.439874
Київ андрія іванова  217;30.5477791;50.439846
Київ андрія іванова  23.;30.54826;50.440115
Київ московська  24;30.544577;50.43682099999999
Київ московська  27;30.545519;50.437594
Київ московська  29;30.545137;50.437026
Київ московська  29a;30.455825;50.391301
Київ московська  29б;30.545137;50.437026
Київ московська  29в.;30.455825;50.391301
Київ січневий  15;30.54829419999999;50.4410769
Київ січневий  9.;30.548258;50.44097
Київ суворова  3;30.549721;50.438296
Київ суворова  5;30.549132;50.43842
Київ суворова  7;30.54848599999999;50.438304
Київ суворова  11;30.548044;50.437621
Київ суворова  13;30.54729399999999;50.436329
Київ суворова  142;30.5471948;50.43803699999999
Київ суворова  180;30.5471948;50.43803699999999
Київ миколи гайана  6;30.5234;50.4501
Київ миколи гайана  8.;30.5234;50.4501
Київ григорія царика  3;30.546138;50.437679
Київ григорія царика  5.;30.546159;50.437968
Київ рибальська  4;30.543683;50.434616
Київ голосування міський геріатичний центр ;30.5234;50.4501
Київ лабораторна  6);30.524743;50.426299
Київ московська  36.;30.544713;50.434766
Київ панаса мирного  8;30.542717;50.43325
Київ панаса мирного  10;30.542391;50.433315
Київ панаса мирного  12;30.541864;50.433397
Київ панаса мирного  14;30.541268;50.433471
Київ панаса мирного  163;30.540533;50.433372
Київ гусовського  111;30.5407208;50.43376230000001
Київ гусовського  15;30.540979;50.43371699999999
Київ панаса мирного  1;30.544118;50.432779
Київ панаса мирного  24;30.539244;50.43406
Київ панаса мирного  3;30.543176;50.432901
Київ панаса мирного  5;30.542653;50.432888
Київ панаса мирного  6;30.543188;50.433193
Київ панаса мирного  7;30.539585;50.433371
Київ панаса мирного  7а;30.539945;50.43335099999999
Київ панаса мирного  9а.;30.538339;50.432543
Київ панаса мирного  9б;30.538791;50.432982
Київ панаса мирного  11;30.537878;50.433555
Київ панаса мирного  17;30.536795;50.43356
Київ панаса мирного  20;30.540025;50.433678
Київ панаса мирного  21а;30.53452;50.434225
Київ панаса мирного  22;30.539521;50.43391399999999
Київ панаса мирного  27;30.5367412;50.4339032
Київ панаса мирного  28а.;30.537061;50.434467
Київ печерський узвіз  8;30.533827;50.435765
Київ печерський узвіз  10;30.534593;50.435553
Київ печерський узвіз  11;30.535095;50.436751
Київ печерський узвіз  13;30.534425;50.436326
Київ печерський узвіз  15;30.53553399999999;50.43609
Київ печерський узвіз  17;30.537564;50.436527
Київ печерський узвіз  18;30.539523;50.43575999999999
Київ печерський узвіз  19;30.5389;50.436379
Київ гусовського  4а;30.540376;50.435289
Київ кловський узвіз  14а;30.53750299999999;50.437932
Київ кловський узвіз  14б;30.53750299999999;50.437932
Київ кутузова  1;30.543774;50.430788
Київ кутузова  2;30.54374199999999;50.431663
Київ кутузова  4;30.543123;50.431216
Київ кутузова  4а;30.542367;50.43074499999999
Київ кутузова  6;30.541375;50.43033
Київ кутузова  9.;30.541556;50.429268
Київ кутузова  4.;30.543123;50.431216
Київ московська  37;30.54552099999999;50.434219
Київ московська  39;30.54580099999999;50.433462
Київ московська  46.;30.544527;50.432467
Київ лейпцігська  27;30.5234;50.4501
Київ лейпцігська  3;30.5234;50.4501
Київ лейпцігська  5;30.5234;50.4501
Київ лейпцігська  6.;30.5234;50.4501
Київ цитадельна  4;30.549019;50.433209
Київ цитадельна  6.;30.5474522;50.4325765
Київ суворова  19;30.546022;50.43530000000001
Київ суворова  19а.;30.5469;50.435301
Київ московська  45.;30.545379;50.429986
Київ козятинська  4;30.557508;50.428562
Київ козятинська  5;30.557928;50.428933
Київ козятинська  5а;30.557928;50.428933
Київ козятинська  6;30.557749;50.428462
Київ козятинська  7;30.558232;50.428743
Київ козятинська  8;30.558437;50.428425
Київ козятинська  9;30.558124;50.429065
Київ козятинська  10;30.558866;50.428356
Київ козятинська  110;30.5584178;50.4298574
Київ панфіловців  1;30.549469;50.429865
Київ панфіловців  27;30.552187;50.43012299999999
Київ панфіловців  3;30.5497942;50.4296487
Київ панфіловців  4;30.550175;50.429279
Київ панфіловців  4а;30.550175;50.429279
Київ панфіловців  5;30.5501198;50.4296448
Київ панфіловців  6;30.5502823;50.4296422
Київ панфіловців  6а;30.551401;50.42947299999999
Київ панфіловців  7;30.550452;50.429818
Київ панфіловців  8;30.55172;50.42933499999999
Київ панфіловців  9;30.55069499999999;50.429771
Київ панфіловців  10;30.55236499999999;50.429446
Київ панфіловців  11;30.550944;50.429879
Київ панфіловців  12;30.552729;50.429461
Київ панфіловців  12а;30.552729;50.429461
Київ панфіловців  13;30.55109;50.43014300000001
Київ панфіловців  14;30.552535;50.429209
Київ панфіловців  15;30.551597;50.430205
Київ панфіловців  16;30.551877;50.429021
Київ панфіловців  16а;30.551836;50.428856
Київ панфіловців  17;30.551299;50.429857
Київ панфіловців  18;30.552397;50.42903099999999
Київ панфіловців  18а;30.552397;50.42903099999999
Київ панфіловців  19;30.551588;50.429827
Київ панфіловців  21;30.551812;50.429826
Київ панфіловців  21а;30.551812;50.429826
Київ панфіловців  22;30.552895;50.429117
Київ панфіловців  23;30.552121;50.429825
Київ панфіловців  24;30.553226;50.429434
Київ панфіловців  25;30.551843;50.430063
Київ панфіловців  26;30.553873;50.429447
Київ панфіловців  26а;30.553849;50.429181
Київ панфіловців  28;30.55413799999999;50.429444
Київ панфіловців  29;30.552585;50.430239
Київ панфіловців  29а;30.552585;50.430239
Київ панфіловців  30;30.554465;50.428974
Київ панфіловців  30а;30.554579;50.42941
Київ панфіловців  31;30.552702;50.429846
Київ панфіловців  32;30.5526943;50.4296155
Київ панфіловців  33;30.5526943;50.4296155
Київ панфіловців  34;30.556091;50.429453
Київ панфіловців  35;30.5564383;50.4296484
Київ панфіловців  36;30.556493;50.4295
Київ панфіловців  36а;30.556556;50.429207
Київ панфіловців  37;30.5564383;50.4296484
Київ панфіловців  38;30.5533347;50.4296081
Київ панфіловців  39;30.553343;50.429974
Київ панфіловців  39а;30.553117;50.430241
Київ панфіловців  40;30.557609;50.429638
Київ панфіловців  41;30.554604;50.429736
Київ панфіловців  43;30.5552567;50.4295917
Київ панфіловців  44а;30.5555831;50.4295917
Київ панфіловців  45;30.555871;50.429765
Київ панфіловців  47;30.5559045;50.4296138
Київ радіальна  4;30.556011;50.42922
Київ редутна  3;30.55134499999999;50.42906199999999
Київ редутна  4;30.5511321;50.4289796
Київ редутна  5;30.551447;50.428915
Київ редутна  6;30.550821;50.42910200000001
Київ редутна  7;30.5511389;50.4283405
Київ редутна  8;30.550995;50.428799
Київ редутна  9;30.5514336;50.42780260000001
Київ редутна  10;30.550908;50.42849700000001
Київ редутна  11;30.552192;50.42768
Київ редутна  12;30.550961;50.42823500000001
Київ редутна  13;30.552448;50.427564
Київ редутна  14;30.551091;50.42797600000001
Київ редутна  15;30.552683;50.427572
Київ редутна  16;30.551217;50.427855
Київ редутна  17;30.552836;50.427516
Київ редутна  18;30.551801;50.427346
Київ редутна  19;30.553436;50.427529
Київ редутна  19а;30.553436;50.427529
Київ редутна  20;30.5522;50.427299
Київ редутна  21;30.553546;50.42778999999999
Київ редутна  22;30.552836;50.427262
Київ редутна  23;30.553389;50.427986
Київ редутна  23а;30.552724;50.42788900000001
Київ редутна  23б;30.552764;50.42804899999999
Київ редутна  24;30.553246;50.427219
Київ редутна  25;30.553281;50.42822
Київ редутна  25а;30.553216;50.42842899999999
Київ редутна  26;30.553727;50.427245
Київ редутна  28;30.55424;50.427121
Київ редутна  29;30.55323199999999;50.428887
Київ редутна  30;30.553796;50.42752410000001
Київ редутна  31;30.55381239999999;50.4275783
Київ редутна  32;30.554002;50.427649
Київ редутна  33;30.553894;50.428942
Київ редутна  39;30.556366;50.428145
Київ редутна  40;30.554516;50.42859199999999
Київ редутна  41;30.556323;50.427633
Київ редутна  41а;30.556442;50.42777299999999
Київ редутна  42;30.554862;50.42851
Київ редутна  43;30.556791;50.427609
Київ редутна  44;30.55511599999999;50.428226
Київ редутна  45;30.557013;50.427359
Київ редутна  45а;30.557013;50.427359
Київ редутна  46;30.555265;50.427954
Київ редутна  49;30.557649;50.427111
Київ редутна  49а;30.557859;50.42725799999999
Київ редутна  49б;30.557649;50.427111
Київ редутна  50;30.555825;50.427421
Київ редутна  51;30.557929;50.427
Київ редутна  51а;30.557929;50.427
Київ редутна  52;30.55624;50.427232
Київ редутна  53;30.558176;50.426964
Київ редутна  53а;30.558268;50.427241
Київ редутна  54;30.556641;50.42712299999999
Київ редутна  54а;30.556973;50.42697099999999
Київ редутна  55;30.558497;50.426984
Київ редутна  56;30.557273;50.426872
Київ редутна  58;30.557616;50.426784
Київ редутна  59;30.558878;50.427445
Київ редутна  60;30.557984;50.42671
Київ редутна  60а;30.557984;50.42671
Київ редутна  61;30.559181;50.427477
Київ редутна  62;30.558098;50.426702
Київ редутна  63;30.5582127;50.4268333
Київ редутна  64;30.558329;50.426677
Київ редутна  64а;30.558389;50.42648
Київ редутна  66;30.558919;50.426709
Київ редутна  66а;30.55866799999999;50.426578
Київ редутна  68;30.558756;50.426436
Київ редутна  706;30.555585;50.428081
Київ січневого повстання  46;30.7105116;46.4535779
Київ січневого повстання  48;30.7102465;46.4535754
Київ січневого повстання  52;30.7102465;46.4535754
Київ 545.. старонаводницька  9;30.546426;50.429837
Київ 545.. старонаводницька  17;30.549634;50.429495
Київ 545.. старонаводницька  19;30.549978;50.429145
Київ 545.. старонаводницька  21;30.5496682;50.4289429
Київ 545.. старонаводницька  23;30.5497335;50.4288585
Київ 545.. старонаводницька  25;30.550397;50.428962
Київ 545.. старонаводницька  27;30.550516;50.428859
Київ 545.. старонаводницька  29;30.550595;50.428697
Київ 545.. старонаводницька  31;30.5499982;50.42851539999999
Київ 545.. старонаводницька  35;30.554762;50.42691
Київ 545.. старонаводницька  37;30.554933;50.42682199999999
Київ 545.. старонаводницька  39;30.5547859;50.4265878
Київ 545.. старонаводницька  41;30.556036;50.426742
Київ 545.. старонаводницька  43;30.556473;50.426586
Київ 545.. старонаводницька  45;30.556887;50.42657
Київ 545.. старонаводницька  47..;30.557161;50.426548
Київ набережно печерська дорога  4;30.569884;50.420739
Київ набережно печерська дорога  8;30.57045099999999;50.420466
Київ набережно печерська дорога  10;30.578475;50.415612
Київ набережно печерська дорога  12;30.577977;50.414701
Київ козятинський  2;30.557223;50.428999
Київ козятинський  4;30.557907;50.429227
Київ козятинський  6;30.558324;50.429305
Київ козятинський  8;30.5582438;50.4295987
Київ козятинський  8а;30.5582438;50.4295987
Київ козятинський  10;30.558551;50.429702
Київ козятинський  10а;30.558551;50.429702
Київ михайла реута  2;30.5506041;50.4302398
Київ михайла реута  3;30.550589;50.430409
Київ михайла реута  4;30.550023;50.430077
Київ михайла реута  5;30.550851;50.430466
Київ михайла реута  6;30.550371;50.430094
Київ михайла реута  7;30.550797;50.430572
Київ михайла реута  8;30.550742;50.430072
Київ михайла реута  9;30.551005;50.4307516
Київ михайла реута  10;30.551376;50.430411
Київ михайла реута  11;30.5512371;50.430822
Київ михайла реута  11а;30.5512371;50.430822
Київ михайла реута  12;30.551245;50.43069
Київ михайла реута  14;30.551693;50.430656
Київ михайла реута  15;30.551871;50.430982
Київ михайла реута  16;30.552004;50.430617
Київ михайла реута  17;30.552588;50.431256
Київ михайла реута  18;30.552453;50.430612
Київ михайла реута  19;30.55228;50.430893
Київ михайла реута  19а;30.55228;50.430893
Київ михайла реута  20;30.552946;50.430648
Київ михайла реута  25;30.552604;50.430916
Київ новонаводницький  3;30.558778;50.427816
Київ новонаводницький  5;30.558415;50.427723
Київ новонаводницький  5а;30.558479;50.427557
Київ новонаводницький  7;30.558058;50.427656
Київ новонаводницький  7а;30.557841;50.427498
Київ новонаводницький  9;30.557468;50.427695
Київ новонаводницький  9а;30.557686;50.427558
Київ новонаводницький  11;30.558226;50.427971
Київ панфіловців  2;30.5496316;50.4296487
Київ панфіловців  7а;30.555501;50.430579
Київ редутний  3;30.554825;50.427177
Київ редутний  3а;30.554531;50.42706700000001
Київ редутний  4;30.555573;50.42721
Київ редутний  6;30.55493899999999;50.427484
Київ редутний  7;30.554206;50.42777
Київ редутний  82;30.55381;50.4285864
Київ редутний  8а;30.55463;50.427749
Київ редутний  9;30.5542929;50.42791889999999
Київ редутний  10;30.554467;50.42810900000001
Київ редутний  10а;30.55473;50.428067
Київ редутний  11;30.553898;50.427899
Київ редутний  12;30.5541549;50.4280863
Київ редутний  13;30.5538;50.428069
Київ редутний  148;30.5543722;50.427848
Київ редутний  15;30.55377;50.428228
Київ редутний  17;30.553765;50.428396
Київ редутний  194;30.5543722;50.427848
Київ лейпцігська  12;30.5234;50.4501
Київ лейпцігська  14;30.5234;50.4501
Київ лейпцігська  16.;30.5234;50.4501
Київ цитадельна  5;30.548409;50.43341299999999
Київ цитадельна  7;30.547544;50.432413
Київ цитадельна  9.;30.546455;50.432159
Київ московська  41.;30.546421;50.431161
Київ старонаводницька  4;30.544507;50.428099
Київ старонаводницька  4а;30.543247;50.427858
Київ старонаводницька  4б;30.543704;50.427202
Київ старонаводницька  4в;30.542132;50.42722
Київ старонаводницька  6;30.546263;50.428465
Київ старонаводницька  6а;30.547399;50.42897600000001
Київ старонаводницька  6б;30.546623;50.42771
Київ старонаводницька  8;30.548518;50.428673
Київ старонаводницька  8а;30.548824;50.428037
Київ старонаводницька  8б;30.54876;50.42704699999999
Київ старонаводницька  12;30.551358;50.426521
Київ старонаводницька  13;30.5433226;50.4264286
Київ старонаводницька  13а;30.5433226;50.4264286
Київ старонаводницька  15г.;30.5479519;50.4297677
Київ печерський узвіз  22;30.5387863;50.4361273
Київ печерський узвіз  6.;30.533086;50.436072
Київ мечникова  7;30.532243;50.437396
Київ мечникова  7a;30.532243;50.437396
Київ мечникова  8;30.529728;50.436843
Київ мечникова  10;30.531657;50.436268
Київ мечникова  14;30.532915;50.437015
Київ мечникова  16;30.53418;50.437341
Київ мечникова  18;30.53576899999999;50.43776700000001
Київ мечникова  20;30.536226;50.437602
Київ мечникова  22а.;30.536844;50.438068
Київ лесі українки  2;30.525297;50.43798400000001
Київ лесі українки  3;30.528799;50.43629
Київ лесі українки  4;30.525916;50.437497
Київ лесі українки  5;30.530123;50.435235
Київ лесі українки  5a;30.530123;50.435235
Київ лесі українки  6;30.526584;50.43701799999999
Київ лесі українки  7;30.531345;50.4342558
Київ лесі українки  7б.;30.531345;50.4342558
Київ госпітальна  2.;30.524432;50.437802
Київ мечникова  4;30.528207;50.4376246
Київ мечникова  6.;30.52871;50.437055
Київ міська клінічна лікарня (урологічний корпус лікарні) ;30.5234;50.4501
Київ лесі українки  8;30.527273;50.436478
Київ лесі українки  10;30.528114;50.435826
Київ лесі українки  10а;30.52798;50.435139
Київ лесі українки  12;30.529242;50.434906
Київ лесі українки  14;30.530446;50.433938
Київ лесі українки  14а;30.530519;50.433231
Київ лесі українки  16;30.531408;50.433145
Київ лесі українки  16а;30.53131;50.432589
Київ лесі українки  18а;30.532124;50.43192699999999
Київ лесі українки  20.;30.5407313;50.4262209
Київ госпітальна  16;30.532754;50.430366
Київ госпітальна  18а;30.528717;50.43424599999999
Київ госпітальна  24.;30.529609;50.432708
Київ госпітальний  1а.;30.52711;50.435449
Київ україни ;30.5238889;50.45
Київ пологовий  1;34.5247803;49.5845947
Київ лесі українки  9;30.534376;50.43175799999999
Київ лесі українки  9в;30.534376;50.43175799999999
Київ лесі українки  11;30.535321;50.431012
Київ лесі українки  11а;30.535537;50.43131100000001
Київ лесі українки  13;30.5360323;50.43075839999999
Київ лесі українки  15;30.536212;50.430294
Київ 15а.. немировича данченка  1;30.539587;50.431383
Київ 15а.. немировича данченка  5;30.537557;50.429998
Київ 15а.. немировича данченка  143;30.5374929;50.4303497
Київ 15а.. немировича данченка  16а;30.536788;50.430511
Київ арсенальна  14;30.5373204;50.4310305
Київ арсенальна  15;30.537222;50.430954
Київ арсенальна  17;30.536054;50.431517
Київ арсенальна  20..;30.537184;50.431459
Київ арсенальний  5..;30.537745;50.431525
Київ ластовського  3;30.540026;50.430166
Київ ластовського  3а;30.540615;50.430543
Київ ластовського  5;30.5403;50.430326
Київ лєскова  1а;30.540819;50.431114
Київ лєскова  3;30.53999499999999;50.430729
Київ лєскова  3а;30.540308;50.430936
Київ лєскова  6;30.539489;50.430906
Київ лєскова  8;30.538954;50.430568
Київ кутузова  3;30.5436045;50.43134269999999
Київ кутузова  5..;30.579131;50.51648900000001
Київ кутузова 14.. ;30.536342;50.427076
Київ щорса  35;30.534046;50.427865
Київ щорса  37.;30.535009;50.427283
Київ лесі українки  24;30.536156;50.429268
Київ лесі українки  24б.;30.534703;50.429458
Київ каменева  1.;30.54729;50.422718
Київ лікарня  17;37.7667274;48.0023384
Київ щорса  17;30.526967;50.425956
Київ щорса  21;30.528572;50.427065
Київ щорса  23;30.52875299999999;50.427415
Київ щорса  25;30.52935;50.42763000000001
Київ щорса  26;30.529826;50.427133
Київ щорса  27;30.529923;50.428076
Київ щорса  27а;30.529097;50.428198
Київ щорса  29;30.530845;50.428261
Київ щорса  29а;30.530516;50.42901800000001
Київ щорса  31;30.53172099999999;50.428318
Київ щорса  33.;30.532809;50.428572
Київ лабораторний  22;30.52861;50.428638
Київ лабораторний  24;30.529762;50.42880100000001
Київ лабораторний  26;30.531896;50.428987
Київ лабораторний  26а.;30.531449;50.429201
Київ лесі українки  202;30.5366893;50.4291639
Київ щорса  32;30.5320995;50.4278483
Київ щорса  32а;30.531647;50.426725
Київ щорса  32б;30.5320995;50.4278483
Київ щорса  32в;30.5315638;50.42522570000001
Київ щорса  36а;30.535132;50.424883
Київ щорса  36б.;30.5349293;50.4258436
Київ тверський тупик  6;30.5317262;50.42327770000001
Київ тверський тупик  10.;30.532289;50.423814
Київ щорса  34;30.534461;50.426675
Київ щорса  38;30.537763;50.424237
Київ щорса  44.;30.541938;50.424357
Київ лесі українки  17;30.5409636;50.4260333
Київ лесі українки  19;30.53847499999999;50.428467
Київ лесі українки  21;30.54146699999999;50.426692
Київ лесі українки  28;30.5411416;50.4253337
Київ лесі українки  28а.;30.540062;50.424704
Київ лесі українки  21а;30.54244;50.425871
Київ лесі українки  21б;30.543422;50.425095
Київ лесі українки  29;30.54742;50.420557
Київ лесі українки  30;30.590438;50.5260525
Київ лесі українки  30а;30.54259;50.422999
Київ лесі українки  30б;30.541646;50.423573
Київ івана кудрі  38;30.542076;50.421092
Київ івана кудрі  38а;30.542996;50.420793
Київ івана кудрі  38б;30.54246599999999;50.42048
Київ івана кудрі  412;30.5375929;50.417224
Київ івана кудрі  42;30.54335399999999;50.42204100000001
Київ івана кудрі  43.;30.542884;50.422413
Київ командарма камєнева  4;30.546967;50.42216699999999
Київ командарма камєнева  4a;30.546967;50.42216699999999
Київ командарма камєнева  6а.;30.547489;50.422403
Київ чигоріна  16;30.539106;50.42115099999999
Київ чигоріна  18;30.53956;50.42175899999999
Київ чигоріна  55;30.537568;50.420233
Київ чигоріна  59;30.539021;50.4219
Київ чигоріна  59а;30.540307;50.422317
Київ чигоріна  61;30.541955;50.4223
Київ чигоріна  61а;30.541828;50.42283
Київ лесі українки  23;30.543527;50.424099
Київ лесі українки  25;30.545519;50.423461
Київ лесі українки  360;30.5366893;50.4291639
Київ лесі українки  36б;30.590651;50.52654
Київ лесі українки  36в.;30.545985;50.420277
Київ дружби народів  25;30.5438322;50.4183626
Київ дружби народів  27;30.545212;50.419101
Київ дружби народів  32;30.546471;50.418206
Київ дружби народів  32а.;30.546586;50.417552
Київ кіквідзе  24.;30.5496778;50.4106554
Київ верхня  3.;30.549306;50.421983
Київ командарма камєнева  8;30.548862;50.422591
Київ командарма камєнева  8а.;30.548756;50.423465
Київ івана кудрі  30;30.540175;50.419244
Київ івана кудрі  31;30.537667;50.41773999999999
Київ івана кудрі  31а;30.53744;50.41751499999999
Київ івана кудрі  32;30.540835;50.419798
Київ івана кудрі  34;30.541902;50.420123
Київ івана кудрі  35а;30.539656;50.419582
Київ івана кудрі  36;30.54159899999999;50.420594
Київ івана кудрі  39;30.541125;50.42106099999999
Київ івана кудрі  39а.;30.540006;50.421024
Київ патріса лумумби 235. ;30.5342399;50.419933
Київ глазунова  2;30.536908;50.41760799999999
Київ івана кудрі  20а;30.536326;50.41552799999999
Київ івана кудрі  20б;30.537091;50.416254
Київ івана кудрі  22;30.5338149;50.4151812
Київ івана кудрі  22а.;30.539003;50.417568
Київ чигоріна  2;30.535511;50.416336
Київ чигоріна  4;30.535895;50.41714
Київ чигоріна  4а.;30.535895;50.41714
Київ глазунова  47;30.533816;50.41859710000001
Київ патріса лумумби  13;30.533359;50.420613
Київ патріса лумумби  15;30.534084;50.420393
Київ патріса лумумби  16;30.5342882;50.4199336
Київ патріса лумумби  19;30.536503;50.419774
Київ патріса лумумби  20;30.539979;50.418252
Київ патріса лумумби  22;30.540714;50.41778799999999
Київ миколи раєвського  23а;30.53609399999999;50.420764
Київ миколи раєвського  25;30.536441;50.42136499999999
Київ миколи раєвського  28;30.535453;50.418705
Київ миколи раєвського  34.;30.536527;50.420489
Київ чигоріна  49;30.536493;50.418446
Київ івана кудрі  285;30.5375929;50.417224
Київ івана кудрі  35б;30.538903;50.419837
Київ івана кудрі  37;30.540259;50.420203
Київ івана кудрі  37а;30.539402;50.420327
Київ бастіонна  16;30.554694;50.415733
Київ бастіонна  32;30.5555197;50.4162082
Київ бастіонна  53;30.5555197;50.4162082
Київ бастіонна  5а;30.551945;50.419296
Київ бастіонна  9.;30.555103;50.417784
Київ бастіонна  11а;30.554854;50.41714
Київ бастіонна  13;30.555368;50.41666799999999
Київ бастіонна  15.;30.556147;50.41616699999999
Київ вільшанська парна сторона  6;30.5234;50.4501
Київ непарна сторона  15;30.5234;50.4501
Київ включно. ;30.5234;50.4501
Київ дубенська парна сторона. ;30.5234;50.4501
Київ звіринецька парна сторона  16;30.5234;50.4501
Київ непарна сторона  250;30.5234;50.4501
Київ тімірязєва парна сторона  20б;30.5234;50.4501
Київ парна сторона. ;30.5234;50.4501
Київ вільшанська парна сторона  8;30.5234;50.4501
Київ непарна сторона  17.;30.5234;50.4501
Київ дубенська непарна сторона. ;30.5234;50.4501
Київ звіринецька парна сторона  18;30.5234;50.4501
Київ непарна сторона 279. ;30.5234;50.4501
Київ тімірязєва парна сторона  22;30.5234;50.4501
Київ непарна повністю. ;30.5234;50.4501
Київ непарна сторона. ;30.5234;50.4501
Київ дружби народів  17;30.539033;50.416521
Київ дружби народів  17а;30.539033;50.416521
Київ дружби народів  18;30.540069;50.415112
Київ дружби народів  19а;30.54024;50.417039
Київ дружби народів  20;30.54099099999999;50.415637
Київ дружби народів  21;30.541231;50.417382
Київ дружби народів  22;30.541936;50.415844
Київ дружби народів  24;30.544298;50.4179839
Київ дружби народів  26;30.544298;50.4179839
Київ дружби народів  28а;30.544878;50.416264
Київ дружби народів  30.;30.546125;50.417246
Київ німанська  2.;30.545277;50.416699
Київ фесора підвисоцького  3;30.5234;50.4501
Київ фесора підвисоцького  3а;30.5234;50.4501
Київ фесора підвисоцького  6;30.5234;50.4501
Київ фесора підвисоцького  6а.;30.5234;50.4501
Київ михайла драгомирова  6б.;30.5234;50.4501
Київ лікарня  12;30.5423503;50.4141309
Київ кіквідзе  1;30.549853;50.417292
Київ кіквідзе  1а;30.549853;50.417292
Київ кіквідзе  3;30.549415;50.416793

